event_id,recalling_firm_name,Symbol_original,Symbol_audit
62293,alere san diego,ABT,ALR
61927,alere san diego,ABT,ALR
61927,alere san diego,ABT,ALR
63175,alere san diego,ABT,ALR
63091,alere san diego,ABT,ALR
64701,alere san diego,ABT,ALR
66870,alere san diego,ABT,ALR
69964,alere san diego,ABT,ALR
64671,alere san diego,ABT,ALR
61927,alere san diego,ABT,ALR
74665,alere san diego,ABT,ALR
74665,alere san diego,ABT,ALR
74665,alere san diego,ABT,ALR
68038,alere san diego,ABT,ALR
75443,alere san diego,ABT,ALR
67529,alere san diego,ABT,ALR
68230,alere san diego,ABT,ALR
69964,alere san diego,ABT,ALR
74665,alere san diego,ABT,ALR
69964,alere san diego,ABT,ALR
61927,alere san diego,ABT,ALR
67910,alere san diego,ABT,ALR
74665,alere san diego,ABT,ALR
74665,alere san diego,ABT,ALR
74665,alere san diego,ABT,ALR
74665,alere san diego,ABT,ALR
74665,alere san diego,ABT,ALR
61927,alere san diego,ABT,ALR
65048,alere san diego,ABT,ALR
71585,alere scarborough dba binax,ABT,ALR
71059,alere scarborough dba binax,ABT,ALR
69796,american medical systems,BSX,ENDP
64875,american medical systems,BSX,ENDP
69796,american medical systems,BSX,ENDP
69536,american medical systems,BSX,ENDP
64875,american medical systems,BSX,ENDP
63540,american medical systems,BSX,ENDP
69683,bard access systems,BDX,BCR
77132,bard access systems,BDX,BCR
75908,bard access systems,BDX,BCR
70834,bard access systems,BDX,BCR
70430,bard access systems,BDX,BCR
70430,bard access systems,BDX,BCR
67567,bard access systems,BDX,BCR
66991,bard access systems,BDX,BCR
66991,bard access systems,BDX,BCR
70430,bard access systems,BDX,BCR
70430,bard access systems,BDX,BCR
70430,bard access systems,BDX,BCR
70822,bard access systems,BDX,BCR
65202,bard access systems,BDX,BCR
71757,bard access systems,BDX,BCR
76008,bard access systems,BDX,BCR
76008,bard access systems,BDX,BCR
64425,bard access systems,BDX,BCR
64425,bard access systems,BDX,BCR
75908,bard access systems,BDX,BCR
75875,bard peripheral vascular,BDX,BCR
74663,bard peripheral vascular,BDX,BCR
69136,bard peripheral vascular,BDX,BCR
72459,bard peripheral vascular,BDX,BCR
66374,bard peripheral vascular,BDX,BCR
65046,bard peripheral vascular,BDX,BCR
70733,bard peripheral vascular,BDX,BCR
70839,bard peripheral vascular,BDX,BCR
64276,bard peripheral vascular,BDX,BCR
64276,bard peripheral vascular,BDX,BCR
65395,bard peripheral vascular,BDX,BCR
73022,bard peripheral vascular,BDX,BCR
73022,bard peripheral vascular,BDX,BCR
78224,bard peripheral vascular,BDX,BCR
72945,bard peripheral vascular,BDX,BCR
73249,bard peripheral vascular,BDX,BCR
75875,bard peripheral vascular,BDX,BCR
64276,bard peripheral vascular,BDX,BCR
64276,bard peripheral vascular,BDX,BCR
70952,bard peripheral vascular,BDX,BCR
73365,bard peripheral vascular,BDX,BCR
76914,bard peripheral vascular,BDX,BCR
73365,bard peripheral vascular,BDX,BCR
75875,bard peripheral vascular,BDX,BCR
87148,baxalta us,BAX,TAK
68931,biomet,ZBH,
71253,biomet,ZBH,
68651,biomet,ZBH,
67142,biomet,ZBH,
69280,biomet,ZBH,
63612,biomet,ZBH,
63708,biomet,ZBH,
63613,biomet,ZBH,
69360,biomet,ZBH,
64679,biomet,ZBH,
62745,biomet,ZBH,
62391,biomet,ZBH,
65212,biomet,ZBH,
66639,biomet,ZBH,
69360,biomet,ZBH,
69360,biomet,ZBH,
63781,biomet,ZBH,
63725,biomet,ZBH,
69932,biomet,ZBH,
69932,biomet,ZBH,
63073,biomet,ZBH,
65459,biomet,ZBH,
65459,biomet,ZBH,
65459,biomet,ZBH,
65459,biomet,ZBH,
68310,biomet,ZBH,
68216,biomet,ZBH,
70667,biomet,ZBH,
70667,biomet,ZBH,
68216,biomet,ZBH,
65459,biomet,ZBH,
65459,biomet,ZBH,
65459,biomet,ZBH,
65459,biomet,ZBH,
65459,biomet,ZBH,
65459,biomet,ZBH,
65459,biomet,ZBH,
65459,biomet,ZBH,
65459,biomet,ZBH,
65209,biomet,ZBH,
66967,biomet,ZBH,
65459,biomet,ZBH,
65459,biomet,ZBH,
65459,biomet,ZBH,
65459,biomet,ZBH,
65459,biomet,ZBH,
65459,biomet,ZBH,
68144,biomet,ZBH,
65459,biomet,ZBH,
65459,biomet,ZBH,
65459,biomet,ZBH,
65459,biomet,ZBH,
65459,biomet,ZBH,
69340,biomet,ZBH,
65459,biomet,ZBH,
70837,biomet,ZBH,
66792,biomet,ZBH,
68310,biomet,ZBH,
63850,biomet,ZBH,
65459,biomet,ZBH,
65459,biomet,ZBH,
66964,biomet,ZBH,
68216,biomet,ZBH,
64004,biomet,ZBH,
67618,biomet,ZBH,
63073,biomet,ZBH,
70438,biomet,ZBH,
70438,biomet,ZBH,
71255,biomet,ZBH,
65210,biomet,ZBH,
63612,biomet,ZBH,
64354,biomet,ZBH,
65459,biomet,ZBH,
65459,biomet,ZBH,
65459,biomet,ZBH,
68418,biomet,ZBH,
63711,biomet,ZBH,
67618,biomet,ZBH,
67618,biomet,ZBH,
70297,biomet,ZBH,
62578,biomet 3i,ZBH,
62375,biomet 3i,ZBH,
66204,biomet 3i,ZBH,
61376,biomet 3i,ZBH,
66204,biomet 3i,ZBH,
63618,biomet 3i,ZBH,
68915,biomet 3i,ZBH,
67609,biomet 3i,ZBH,
67183,biomet 3i,ZBH,
63313,biomet 3i,ZBH,
65005,biomet 3i,ZBH,
65005,biomet 3i,ZBH,
70628,biomet 3i,ZBH,
70628,biomet 3i,ZBH,
70628,biomet 3i,ZBH,
63618,biomet 3i,ZBH,
67183,biomet 3i,ZBH,
66787,biomet 3i,ZBH,
67183,biomet 3i,ZBH,
67183,biomet 3i,ZBH,
67183,biomet 3i,ZBH,
67547,biomet microfixation,ZBH,
69644,biomet microfixation,ZBH,
69644,biomet microfixation,ZBH,
69644,biomet microfixation,ZBH,
69644,biomet microfixation,ZBH,
69644,biomet microfixation,ZBH,
69644,biomet microfixation,ZBH,
69644,biomet microfixation,ZBH,
69644,biomet microfixation,ZBH,
69644,biomet microfixation,ZBH,
69644,biomet microfixation,ZBH,
69644,biomet microfixation,ZBH,
69644,biomet microfixation,ZBH,
69644,biomet microfixation,ZBH,
69644,biomet microfixation,ZBH,
53991,carefusion,BDX,CFN
62349,carefusion 203,BDX,CFN
69020,carefusion 203,BDX,CFN
62971,carefusion 213,BDX,CFN
62900,carefusion 213,BDX,CFN
64583,carefusion 213,BDX,CFN
64583,carefusion 213,BDX,CFN
64583,carefusion 213,BDX,CFN
68566,carefusion 213,BDX,CFN
64583,carefusion 213,BDX,CFN
64583,carefusion 213,BDX,CFN
64583,carefusion 213,BDX,CFN
68176,carefusion 2200,BDX,CFN
68176,carefusion 2200,BDX,CFN
61943,carefusion 2200,BDX,CFN
66123,carefusion 2200,BDX,CFN
61943,carefusion 2200,BDX,CFN
68955,carefusion 2200,BDX,CFN
61943,carefusion 2200,BDX,CFN
64971,carefusion 2200,BDX,CFN
62007,carefusion 303,BDX,CFN
55121,carefusion 303,BDX,CFN
67774,carefusion 303,BDX,CFN
68066,carefusion 303,BDX,CFN
65564,carefusion 303,BDX,CFN
68608,carefusion 303,BDX,CFN
66865,carefusion 303,BDX,CFN
67346,carefusion 303,BDX,CFN
67326,carefusion 303,BDX,CFN
70260,carefusion 303,BDX,CFN
66150,carefusion 303,BDX,CFN
66758,carefusion 303,BDX,CFN
66759,carefusion 303,BDX,CFN
62642,carefusion 303,BDX,CFN
66152,carefusion 303,BDX,CFN
66151,carefusion 303,BDX,CFN
64204,carefusion manufacturing,BDX,CFN
64728,carefusion manufacturing,BDX,CFN
64653,carefusion manufacturing,BDX,CFN
74803,cepheid,DHR,CPHD
83502,codman shurtleff,JNJ,IART
90710,cook,COOK,
90793,cook,COOK,
90793,cook,COOK,
90793,cook,COOK,
90793,cook,COOK,
90793,cook,COOK,
90793,cook,COOK,
90393,cook,COOK,
90793,cook,COOK,
90793,cook,COOK,
90710,cook,COOK,
90710,cook,COOK,
90710,cook,COOK,
90710,cook,COOK,
64975,cook,COOK,
90793,cook,COOK,
90710,cook,COOK,
79195,cook,COOK,
79195,cook,COOK,
84125,cook,COOK,
73083,cook,COOK,
79789,cook,COOK,
79789,cook,COOK,
79789,cook,COOK,
84125,cook,COOK,
84125,cook,COOK,
79789,cook,COOK,
64975,cook,COOK,
79711,cook,COOK,
79789,cook,COOK,
79789,cook,COOK,
84125,cook,COOK,
84125,cook,COOK,
84125,cook,COOK,
84125,cook,COOK,
84125,cook,COOK,
86804,cook,COOK,
84125,cook,COOK,
82026,cook,COOK,
84125,cook,COOK,
84125,cook,COOK,
84125,cook,COOK,
84125,cook,COOK,
84125,cook,COOK,
84125,cook,COOK,
84125,cook,COOK,
86804,cook,COOK,
86804,cook,COOK,
86804,cook,COOK,
86804,cook,COOK,
86804,cook,COOK,
84125,cook,COOK,
90793,cook,COOK,
84125,cook,COOK,
86804,cook,COOK,
77217,cook,COOK,
84108,cook,COOK,
72718,cook,COOK,
71692,cook,COOK,
79195,cook,COOK,
79195,cook,COOK,
79861,cook,COOK,
84108,cook,COOK,
79195,cook,COOK,
79195,cook,COOK,
79195,cook,COOK,
79195,cook,COOK,
79195,cook,COOK,
79195,cook,COOK,
71692,cook,COOK,
84125,cook,COOK,
87087,cook,COOK,
84125,cook,COOK,
86804,cook,COOK,
86804,cook,COOK,
86804,cook,COOK,
86804,cook,COOK,
86804,cook,COOK,
84125,cook,COOK,
84125,cook,COOK,
79711,cook,COOK,
84125,cook,COOK,
84125,cook,COOK,
84125,cook,COOK,
84125,cook,COOK,
84125,cook,COOK,
84125,cook,COOK,
89072,cook,COOK,
84125,cook,COOK,
90793,cook,COOK,
90793,cook,COOK,
73056,cook,COOK,
72387,cook,COOK,
85187,cook,COOK,
82692,cook,COOK,
85456,cook,COOK,
82692,cook,COOK,
77304,cook,COOK,
77305,cook,COOK,
82692,cook,COOK,
71692,cook,COOK,
82692,cook,COOK,
77217,cook,COOK,
77217,cook,COOK,
77217,cook,COOK,
77307,cook,COOK,
73056,cook,COOK,
88787,cook,COOK,
79195,cook,COOK,
74010,cook,COOK,
74010,cook,COOK,
74010,cook,COOK,
74010,cook,COOK,
74010,cook,COOK,
74010,cook,COOK,
79050,cook,COOK,
86256,cook,COOK,
74010,cook,COOK,
79195,cook,COOK,
74010,cook,COOK,
83921,cook,COOK,
82026,cook,COOK,
79192,cook,COOK,
88787,cook,COOK,
74010,cook,COOK,
73163,cook,COOK,
73056,cook,COOK,
79050,cook,COOK,
79471,cook,COOK,
79050,cook,COOK,
82904,cook,COOK,
79195,cook,COOK,
82007,cook,COOK,
79050,cook,COOK,
81979,cook,COOK,
81979,cook,COOK,
73398,cook,COOK,
73398,cook,COOK,
79195,cook,COOK,
79195,cook,COOK,
79050,cook,COOK,
79195,cook,COOK,
73056,cook,COOK,
79195,cook,COOK,
68914,cook,COOK,
77167,cook,COOK,
82888,cook,COOK,
77167,cook,COOK,
85605,cook,COOK,
86411,cook,COOK,
86411,cook,COOK,
84212,cook,COOK,
86642,cook,COOK,
82888,cook,COOK,
79471,cook,COOK,
82124,cook,COOK,
79471,cook,COOK,
79471,cook,COOK,
77217,cook,COOK,
82888,cook,COOK,
90793,cook,COOK,
74010,cook,COOK,
84125,cook,COOK,
90793,cook,COOK,
90793,cook,COOK,
90710,cook,COOK,
72518,cook,COOK,
88808,cook,COOK,
74010,cook,COOK,
90793,cook,COOK,
74010,cook,COOK,
74561,cook,COOK,
84125,cook,COOK,
84125,cook,COOK,
88808,cook,COOK,
84125,cook,COOK,
89104,cook,COOK,
71287,cook,COOK,
84125,cook,COOK,
90793,cook,COOK,
90793,cook,COOK,
90793,cook,COOK,
90793,cook,COOK,
90103,cook,COOK,
90710,cook,COOK,
90103,cook,COOK,
90710,cook,COOK,
90793,cook,COOK,
90710,cook,COOK,
90710,cook,COOK,
90710,cook,COOK,
90793,cook,COOK,
90710,cook,COOK,
90793,cook,COOK,
90793,cook,COOK,
90103,cook,COOK,
84125,cook,COOK,
80492,cook,COOK,
79195,cook,COOK,
86242,cook,COOK,
84125,cook,COOK,
84125,cook,COOK,
84125,cook,COOK,
82026,cook,COOK,
82026,cook,COOK,
79192,cook,COOK,
84125,cook,COOK,
82026,cook,COOK,
84125,cook,COOK,
82026,cook,COOK,
82026,cook,COOK,
89072,cook,COOK,
79192,cook,COOK,
82026,cook,COOK,
77167,cook,COOK,
82026,cook,COOK,
85605,cook,COOK,
79195,cook,COOK,
79195,cook,COOK,
84212,cook,COOK,
84212,cook,COOK,
84212,cook,COOK,
77167,cook,COOK,
74010,cook,COOK,
71430,cook,COOK,
77167,cook,COOK,
84560,cook,COOK,
84125,cook,COOK,
85187,cook,COOK,
71430,cook,COOK,
74010,cook,COOK,
77167,cook,COOK,
84125,cook,COOK,
84125,cook,COOK,
75793,cook,COOK,
82795,cook,COOK,
82026,cook,COOK,
82910,cook,COOK,
82026,cook,COOK,
82026,cook,COOK,
76360,cook,COOK,
76360,cook,COOK,
82026,cook,COOK,
82026,cook,COOK,
84125,cook,COOK,
84125,cook,COOK,
82026,cook,COOK,
82026,cook,COOK,
82026,cook,COOK,
85805,cook,COOK,
79731,cook,COOK,
84125,cook,COOK,
79713,cook,COOK,
82026,cook,COOK,
84125,cook,COOK,
84125,cook,COOK,
84125,cook,COOK,
84125,cook,COOK,
79731,cook,COOK,
84778,cook,COOK,
84125,cook,COOK,
84125,cook,COOK,
84125,cook,COOK,
84125,cook,COOK,
84125,cook,COOK,
82026,cook,COOK,
76927,cook,COOK,
84125,cook,COOK,
79713,cook,COOK,
84125,cook,COOK,
79731,cook,COOK,
84125,cook,COOK,
86804,cook,COOK,
84125,cook,COOK,
86804,cook,COOK,
84125,cook,COOK,
84125,cook,COOK,
84125,cook,COOK,
84125,cook,COOK,
84125,cook,COOK,
84125,cook,COOK,
86804,cook,COOK,
84125,cook,COOK,
86804,cook,COOK,
86804,cook,COOK,
84125,cook,COOK,
79731,cook,COOK,
86804,cook,COOK,
86804,cook,COOK,
79731,cook,COOK,
79731,cook,COOK,
79731,cook,COOK,
82026,cook,COOK,
76360,cook,COOK,
76360,cook,COOK,
86804,cook,COOK,
84125,cook,COOK,
82795,cook,COOK,
76360,cook,COOK,
76360,cook,COOK,
84125,cook,COOK,
84125,cook,COOK,
86804,cook,COOK,
76360,cook,COOK,
84125,cook,COOK,
67893,covidien,MDT,COV
65810,covidien,MDT,COV
63188,covidien,MDT,COV
63188,covidien,MDT,COV
67893,covidien,MDT,COV
65978,covidien,MDT,COV
65978,covidien,MDT,COV
65978,covidien,MDT,COV
65978,covidien,MDT,COV
65978,covidien,MDT,COV
65978,covidien,MDT,COV
69257,covidien,MDT,COV
69257,covidien,MDT,COV
62867,covidien,MDT,COV
69257,covidien,MDT,COV
69257,covidien,MDT,COV
69257,covidien,MDT,COV
65093,covidien,MDT,COV
61942,covidien,MDT,COV
61942,covidien,MDT,COV
65093,covidien,MDT,COV
65093,covidien,MDT,COV
65093,covidien,MDT,COV
61942,covidien,MDT,COV
65093,covidien,MDT,COV
61942,covidien,MDT,COV
63015,covidien,MDT,COV
61942,covidien,MDT,COV
63015,covidien,MDT,COV
64420,covidien,MDT,COV
69257,covidien,MDT,COV
63015,covidien,MDT,COV
63015,covidien,MDT,COV
63015,covidien,MDT,COV
63015,covidien,MDT,COV
63015,covidien,MDT,COV
65093,covidien,MDT,COV
63015,covidien,MDT,COV
64868,covidien,MDT,COV
64868,covidien,MDT,COV
68243,covidien,MDT,COV
65978,covidien,MDT,COV
65978,covidien,MDT,COV
65978,covidien,MDT,COV
69462,cr bard,BDX,BCR
71722,cr bard,BDX,BCR
78664,cr bard,BDX,BCR
77439,cr bard,BDX,BCR
73827,cr bard,BDX,BCR
75452,cr bard,BDX,BCR
71722,cr bard,BDX,BCR
71722,cr bard,BDX,BCR
71722,cr bard,BDX,BCR
75428,cr bard,BDX,BCR
75492,cr bard,BDX,BCR
74712,cr bard,BDX,BCR
72024,cr bard,BDX,BCR
75492,cr bard,BDX,BCR
71722,cr bard,BDX,BCR
73454,cr bard,BDX,BCR
75469,cr bard,BDX,BCR
72922,cr bard,BDX,BCR
75952,cr bard,BDX,BCR
77794,cr bard,BDX,BCR
72922,cr bard,BDX,BCR
72922,cr bard,BDX,BCR
75492,cr bard,BDX,BCR
75492,cr bard,BDX,BCR
75469,cr bard,BDX,BCR
70666,cr bard,BDX,BCR
75469,cr bard,BDX,BCR
78031,cr bard,BDX,BCR
74712,cr bard,BDX,BCR
75469,cr bard,BDX,BCR
77733,cr bard,BDX,BCR
76775,cr bard,BDX,BCR
75365,cr bard,BDX,BCR
72756,cr bard,BDX,BCR
69844,cyberonics,LIVN,CYBX
70804,cyberonics,LIVN,CYBX
68124,davol subs cr bard,BDX,BCR
68124,davol subs cr bard,BDX,BCR
68124,davol subs cr bard,BDX,BCR
68124,davol subs cr bard,BDX,BCR
68124,davol subs cr bard,BDX,BCR
68124,davol subs cr bard,BDX,BCR
68124,davol subs cr bard,BDX,BCR
68124,davol subs cr bard,BDX,BCR
68124,davol subs cr bard,BDX,BCR
68124,davol subs cr bard,BDX,BCR
69464,davol subs cr bard,BDX,BCR
67149,davol subs cr bard,BDX,BCR
68124,davol subs cr bard,BDX,BCR
68124,davol subs cr bard,BDX,BCR
68124,davol subs cr bard,BDX,BCR
68124,davol subs cr bard,BDX,BCR
63069,davol subs cr bard,BDX,BCR
68124,davol subs cr bard,BDX,BCR
67149,davol subs cr bard,BDX,BCR
63069,davol subs cr bard,BDX,BCR
89376,ge healthcare,GEHC,GE
89376,ge healthcare,GEHC,GE
89376,ge healthcare,GEHC,GE
89376,ge healthcare,GEHC,GE
66970,ge healthcare,GEHC,GE
88665,ge healthcare,GEHC,GE
88665,ge healthcare,GEHC,GE
66016,ge healthcare,GEHC,GE
76378,ge healthcare,GEHC,GE
65958,ge healthcare,GEHC,GE
88959,ge healthcare,GEHC,GE
88665,ge healthcare,GEHC,GE
89376,ge healthcare,GEHC,GE
89376,ge healthcare,GEHC,GE
89376,ge healthcare,GEHC,GE
89376,ge healthcare,GEHC,GE
66381,ge healthcare,GEHC,GE
89376,ge healthcare,GEHC,GE
89376,ge healthcare,GEHC,GE
83814,ge healthcare,GEHC,GE
89376,ge healthcare,GEHC,GE
83811,ge healthcare,GEHC,GE
89376,ge healthcare,GEHC,GE
89376,ge healthcare,GEHC,GE
89376,ge healthcare,GEHC,GE
89376,ge healthcare,GEHC,GE
89376,ge healthcare,GEHC,GE
89376,ge healthcare,GEHC,GE
66250,ge healthcare,GEHC,GE
71572,ge healthcare,GEHC,GE
65992,ge healthcare,GEHC,GE
89376,ge healthcare,GEHC,GE
64884,ge healthcare,GEHC,GE
64900,ge healthcare,GEHC,GE
64748,ge healthcare,GEHC,GE
77377,ge healthcare,GEHC,GE
77377,ge healthcare,GEHC,GE
66254,ge healthcare,GEHC,GE
88400,ge healthcare,GEHC,GE
87023,ge healthcare,GEHC,GE
65958,ge healthcare,GEHC,GE
88665,ge healthcare,GEHC,GE
85765,ge healthcare,GEHC,GE
69207,ge healthcare,GEHC,GE
88595,ge healthcare,GEHC,GE
61614,ge healthcare,GEHC,GE
67136,ge healthcare,GEHC,GE
82998,ge healthcare,GEHC,GE
82998,ge healthcare,GEHC,GE
66156,ge healthcare,GEHC,GE
66168,ge healthcare,GEHC,GE
66111,ge healthcare,GEHC,GE
77377,ge healthcare,GEHC,GE
88400,ge healthcare,GEHC,GE
83899,ge healthcare,GEHC,GE
83532,ge healthcare,GEHC,GE
66148,ge healthcare,GEHC,GE
66126,ge healthcare,GEHC,GE
66242,ge healthcare,GEHC,GE
89376,ge healthcare,GEHC,GE
89720,ge healthcare,GEHC,GE
89376,ge healthcare,GEHC,GE
65862,ge healthcare,GEHC,GE
89720,ge healthcare,GEHC,GE
66631,ge healthcare,GEHC,GE
81418,ge healthcare,GEHC,GE
81418,ge healthcare,GEHC,GE
89762,ge healthcare,GEHC,GE
89762,ge healthcare,GEHC,GE
84077,ge healthcare,GEHC,GE
84077,ge healthcare,GEHC,GE
75210,ge healthcare,GEHC,GE
65583,ge healthcare,GEHC,GE
65029,ge healthcare,GEHC,GE
89376,ge healthcare,GEHC,GE
65797,ge healthcare,GEHC,GE
89834,ge healthcare,GEHC,GE
79493,ge healthcare,GEHC,GE
79493,ge healthcare,GEHC,GE
69322,ge healthcare,GEHC,GE
88665,ge healthcare,GEHC,GE
65880,ge healthcare,GEHC,GE
67225,ge healthcare,GEHC,GE
66016,ge healthcare,GEHC,GE
88665,ge healthcare,GEHC,GE
88665,ge healthcare,GEHC,GE
88665,ge healthcare,GEHC,GE
89720,ge healthcare,GEHC,GE
89720,ge healthcare,GEHC,GE
89376,ge healthcare,GEHC,GE
89376,ge healthcare,GEHC,GE
66638,ge healthcare,GEHC,GE
89376,ge healthcare,GEHC,GE
89376,ge healthcare,GEHC,GE
89376,ge healthcare,GEHC,GE
81182,ge healthcare,GEHC,GE
65579,ge healthcare,GEHC,GE
65579,ge healthcare,GEHC,GE
65579,ge healthcare,GEHC,GE
89102,ge healthcare,GEHC,GE
89102,ge healthcare,GEHC,GE
65579,ge healthcare,GEHC,GE
89102,ge healthcare,GEHC,GE
89102,ge healthcare,GEHC,GE
89102,ge healthcare,GEHC,GE
89102,ge healthcare,GEHC,GE
67115,ge healthcare,GEHC,GE
81182,ge healthcare,GEHC,GE
89376,ge healthcare,GEHC,GE
81182,ge healthcare,GEHC,GE
81339,ge healthcare,GEHC,GE
81339,ge healthcare,GEHC,GE
81339,ge healthcare,GEHC,GE
83647,ge healthcare,GEHC,GE
65579,ge healthcare,GEHC,GE
82485,ge healthcare,GEHC,GE
61639,ge healthcare,GEHC,GE
82485,ge healthcare,GEHC,GE
74442,ge healthcare,GEHC,GE
89376,ge healthcare,GEHC,GE
86452,ge healthcare,GEHC,GE
81058,ge healthcare,GEHC,GE
86452,ge healthcare,GEHC,GE
70924,ge healthcare,GEHC,GE
70924,ge healthcare,GEHC,GE
70074,ge healthcare,GEHC,GE
70073,ge healthcare,GEHC,GE
64784,ge healthcare,GEHC,GE
70063,ge healthcare,GEHC,GE
80159,ge healthcare,GEHC,GE
80159,ge healthcare,GEHC,GE
70209,ge healthcare,GEHC,GE
71211,ge healthcare,GEHC,GE
70677,ge healthcare,GEHC,GE
71167,ge healthcare,GEHC,GE
70924,ge healthcare,GEHC,GE
68067,ge healthcare,GEHC,GE
68067,ge healthcare,GEHC,GE
68067,ge healthcare,GEHC,GE
68067,ge healthcare,GEHC,GE
71842,ge healthcare,GEHC,GE
70514,ge healthcare,GEHC,GE
74215,ge healthcare,GEHC,GE
86531,ge healthcare,GEHC,GE
65970,ge healthcare,GEHC,GE
86531,ge healthcare,GEHC,GE
86531,ge healthcare,GEHC,GE
83813,ge healthcare,GEHC,GE
86531,ge healthcare,GEHC,GE
71044,ge healthcare,GEHC,GE
70133,ge healthcare,GEHC,GE
71842,ge healthcare,GEHC,GE
71842,ge healthcare,GEHC,GE
71788,ge healthcare,GEHC,GE
79537,ge healthcare,GEHC,GE
72301,ge healthcare,GEHC,GE
72301,ge healthcare,GEHC,GE
72301,ge healthcare,GEHC,GE
70701,ge healthcare,GEHC,GE
71449,ge healthcare,GEHC,GE
72301,ge healthcare,GEHC,GE
68067,ge healthcare,GEHC,GE
72301,ge healthcare,GEHC,GE
72212,ge healthcare,GEHC,GE
72301,ge healthcare,GEHC,GE
71574,ge healthcare,GEHC,GE
71574,ge healthcare,GEHC,GE
70443,ge healthcare,GEHC,GE
70673,ge healthcare,GEHC,GE
70535,ge healthcare,GEHC,GE
70749,ge healthcare,GEHC,GE
71964,ge healthcare,GEHC,GE
71964,ge healthcare,GEHC,GE
71574,ge healthcare,GEHC,GE
72472,ge healthcare,GEHC,GE
72472,ge healthcare,GEHC,GE
72301,ge healthcare,GEHC,GE
64545,ge healthcare,GEHC,GE
71508,ge healthcare,GEHC,GE
67225,ge healthcare,GEHC,GE
74215,ge healthcare,GEHC,GE
86452,ge healthcare,GEHC,GE
74196,ge healthcare,GEHC,GE
86531,ge healthcare,GEHC,GE
64885,ge healthcare,GEHC,GE
64918,ge healthcare,GEHC,GE
64918,ge healthcare,GEHC,GE
64918,ge healthcare,GEHC,GE
67161,ge healthcare,GEHC,GE
86544,ge healthcare,GEHC,GE
81341,ge healthcare,GEHC,GE
64804,ge healthcare,GEHC,GE
87023,ge healthcare,GEHC,GE
77377,ge healthcare,GEHC,GE
66277,ge healthcare,GEHC,GE
77377,ge healthcare,GEHC,GE
64885,ge healthcare,GEHC,GE
77377,ge healthcare,GEHC,GE
77377,ge healthcare,GEHC,GE
77377,ge healthcare,GEHC,GE
66550,ge healthcare,GEHC,GE
86452,ge healthcare,GEHC,GE
77377,ge healthcare,GEHC,GE
86452,ge healthcare,GEHC,GE
77377,ge healthcare,GEHC,GE
68877,ge healthcare,GEHC,GE
85643,ge healthcare,GEHC,GE
83271,ge healthcare,GEHC,GE
77377,ge healthcare,GEHC,GE
85643,ge healthcare,GEHC,GE
89027,ge healthcare,GEHC,GE
89842,ge healthcare,GEHC,GE
87023,ge healthcare,GEHC,GE
81058,ge healthcare,GEHC,GE
75584,ge healthcare,GEHC,GE
86531,ge healthcare,GEHC,GE
83036,ge healthcare,GEHC,GE
64889,ge healthcare,GEHC,GE
83036,ge healthcare,GEHC,GE
87023,ge healthcare,GEHC,GE
64694,ge healthcare,GEHC,GE
87023,ge healthcare,GEHC,GE
86531,ge healthcare,GEHC,GE
65579,ge healthcare,GEHC,GE
62946,ge healthcare,GEHC,GE
62946,ge healthcare,GEHC,GE
88665,ge healthcare,GEHC,GE
88665,ge healthcare,GEHC,GE
66016,ge healthcare,GEHC,GE
83425,ge healthcare,GEHC,GE
83425,ge healthcare,GEHC,GE
83425,ge healthcare,GEHC,GE
76805,ge healthcare,GEHC,GE
87023,ge healthcare,GEHC,GE
81058,ge healthcare,GEHC,GE
76805,ge healthcare,GEHC,GE
81058,ge healthcare,GEHC,GE
65333,ge healthcare,GEHC,GE
81058,ge healthcare,GEHC,GE
81058,ge healthcare,GEHC,GE
83425,ge healthcare,GEHC,GE
62760,ge healthcare,GEHC,GE
89376,ge healthcare,GEHC,GE
65579,ge healthcare,GEHC,GE
89376,ge healthcare,GEHC,GE
87061,ge healthcare,GEHC,GE
81165,ge healthcare,GEHC,GE
83254,ge healthcare,GEHC,GE
83271,ge healthcare,GEHC,GE
85979,ge healthcare,GEHC,GE
84372,ge healthcare,GEHC,GE
87089,ge healthcare,GEHC,GE
84372,ge healthcare,GEHC,GE
88601,ge healthcare,GEHC,GE
77377,ge healthcare,GEHC,GE
77377,ge healthcare,GEHC,GE
77377,ge healthcare,GEHC,GE
68141,ge healthcare,GEHC,GE
90136,ge healthcare,GEHC,GE
84372,ge healthcare,GEHC,GE
87089,ge healthcare,GEHC,GE
75851,ge healthcare,GEHC,GE
63027,ge healthcare,GEHC,GE
90136,ge healthcare,GEHC,GE
90136,ge healthcare,GEHC,GE
84584,ge healthcare,GEHC,GE
75851,ge healthcare,GEHC,GE
81077,ge healthcare,GEHC,GE
81077,ge healthcare,GEHC,GE
64189,ge healthcare,GEHC,GE
88526,ge healthcare,GEHC,GE
64759,ge healthcare,GEHC,GE
64398,ge healthcare,GEHC,GE
64725,ge healthcare,GEHC,GE
64763,ge healthcare,GEHC,GE
88526,ge healthcare,GEHC,GE
83270,ge healthcare,GEHC,GE
77287,ge healthcare,GEHC,GE
75851,ge healthcare,GEHC,GE
86337,ge healthcare,GEHC,GE
75851,ge healthcare,GEHC,GE
90136,ge healthcare,GEHC,GE
67085,ge healthcare,GEHC,GE
67125,ge healthcare,GEHC,GE
81077,ge healthcare,GEHC,GE
86932,ge healthcare,GEHC,GE
63027,ge healthcare,GEHC,GE
86932,ge healthcare,GEHC,GE
67085,ge healthcare,GEHC,GE
81077,ge healthcare,GEHC,GE
64226,ge healthcare,GEHC,GE
67343,ge healthcare,GEHC,GE
84655,ge healthcare,GEHC,GE
82982,ge healthcare,GEHC,GE
82982,ge healthcare,GEHC,GE
82982,ge healthcare,GEHC,GE
67085,ge healthcare,GEHC,GE
81224,ge healthcare,GEHC,GE
63027,ge healthcare,GEHC,GE
67620,ge healthcare,GEHC,GE
90136,ge healthcare,GEHC,GE
69286,ge healthcare,GEHC,GE
85746,ge healthcare,GEHC,GE
69286,ge healthcare,GEHC,GE
69286,ge healthcare,GEHC,GE
82668,ge healthcare,GEHC,GE
82668,ge healthcare,GEHC,GE
61612,ge healthcare,GEHC,GE
84438,ge healthcare,GEHC,GE
81937,ge healthcare,GEHC,GE
82668,ge healthcare,GEHC,GE
81077,ge healthcare,GEHC,GE
82668,ge healthcare,GEHC,GE
63424,ge healthcare,GEHC,GE
84438,ge healthcare,GEHC,GE
84655,ge healthcare,GEHC,GE
68092,ge healthcare,GEHC,GE
86337,ge healthcare,GEHC,GE
84034,ge healthcare,GEHC,GE
64274,ge healthcare,GEHC,GE
67913,ge healthcare,GEHC,GE
82582,ge healthcare,GEHC,GE
90076,ge healthcare,GEHC,GE
88106,ge healthcare,GEHC,GE
86337,ge healthcare,GEHC,GE
64291,ge healthcare,GEHC,GE
83002,ge healthcare,GEHC,GE
80486,ge healthcare,GEHC,GE
86337,ge healthcare,GEHC,GE
67905,ge healthcare,GEHC,GE
85746,ge healthcare,GEHC,GE
66982,ge healthcare,GEHC,GE
67325,ge healthcare,GEHC,GE
90076,ge healthcare,GEHC,GE
71508,ge healthcare,GEHC,GE
67225,ge healthcare,GEHC,GE
71508,ge healthcare,GEHC,GE
71508,ge healthcare,GEHC,GE
71508,ge healthcare,GEHC,GE
71508,ge healthcare,GEHC,GE
71508,ge healthcare,GEHC,GE
71508,ge healthcare,GEHC,GE
70687,ge healthcare,GEHC,GE
71508,ge healthcare,GEHC,GE
71508,ge healthcare,GEHC,GE
67225,ge healthcare,GEHC,GE
67225,ge healthcare,GEHC,GE
67225,ge healthcare,GEHC,GE
71574,ge healthcare,GEHC,GE
71508,ge healthcare,GEHC,GE
71508,ge healthcare,GEHC,GE
71508,ge healthcare,GEHC,GE
66917,ge healthcare,GEHC,GE
84034,ge healthcare,GEHC,GE
82668,ge healthcare,GEHC,GE
81680,ge healthcare,GEHC,GE
84034,ge healthcare,GEHC,GE
63597,ge healthcare,GEHC,GE
84034,ge healthcare,GEHC,GE
86107,ge healthcare,GEHC,GE
86337,ge healthcare,GEHC,GE
69570,ge healthcare,GEHC,GE
63597,ge healthcare,GEHC,GE
69570,ge healthcare,GEHC,GE
69570,ge healthcare,GEHC,GE
69570,ge healthcare,GEHC,GE
69570,ge healthcare,GEHC,GE
67358,ge healthcare,GEHC,GE
81297,ge healthcare,GEHC,GE
85536,ge healthcare,GEHC,GE
86337,ge healthcare,GEHC,GE
63597,ge healthcare,GEHC,GE
63597,ge healthcare,GEHC,GE
84034,ge healthcare,GEHC,GE
81680,ge healthcare,GEHC,GE
64178,ge healthcare,GEHC,GE
81975,ge healthcare,GEHC,GE
84034,ge healthcare,GEHC,GE
86337,ge healthcare,GEHC,GE
86337,ge healthcare,GEHC,GE
68032,ge healthcare,GEHC,GE
75851,ge healthcare,GEHC,GE
64134,ge healthcare,GEHC,GE
64134,ge healthcare,GEHC,GE
66946,ge healthcare,GEHC,GE
84655,ge healthcare,GEHC,GE
64071,ge healthcare,GEHC,GE
84655,ge healthcare,GEHC,GE
68219,ge healthcare,GEHC,GE
81680,ge healthcare,GEHC,GE
87811,ge healthcare,GEHC,GE
68966,ge healthcare,GEHC,GE
90424,ge healthcare,GEHC,GE
63761,ge healthcare,GEHC,GE
63761,ge healthcare,GEHC,GE
88208,ge healthcare,GEHC,GE
81760,ge healthcare,GEHC,GE
76517,ge healthcare,GEHC,GE
87863,ge healthcare,GEHC,GE
88147,ge healthcare,GEHC,GE
88147,ge healthcare,GEHC,GE
88147,ge healthcare,GEHC,GE
90137,ge healthcare,GEHC,GE
90368,ge healthcare,GEHC,GE
90137,ge healthcare,GEHC,GE
61603,ge healthcare,GEHC,GE
68344,ge healthcare,GEHC,GE
81635,ge healthcare,GEHC,GE
88208,ge healthcare,GEHC,GE
63662,ge healthcare,GEHC,GE
81736,ge healthcare,GEHC,GE
63650,ge healthcare,GEHC,GE
77244,ge healthcare,GEHC,GE
68100,ge healthcare,GEHC,GE
90649,ge healthcare,GEHC,GE
84034,ge healthcare,GEHC,GE
63212,ge healthcare,GEHC,GE
63212,ge healthcare,GEHC,GE
75851,ge healthcare,GEHC,GE
75851,ge healthcare,GEHC,GE
75851,ge healthcare,GEHC,GE
75851,ge healthcare,GEHC,GE
75851,ge healthcare,GEHC,GE
86725,ge healthcare,GEHC,GE
75851,ge healthcare,GEHC,GE
82582,ge healthcare,GEHC,GE
75851,ge healthcare,GEHC,GE
88147,ge healthcare,GEHC,GE
82514,ge healthcare,GEHC,GE
68569,ge healthcare,GEHC,GE
67592,ge healthcare,GEHC,GE
81224,ge healthcare,GEHC,GE
81224,ge healthcare,GEHC,GE
75081,ge healthcare,GEHC,GE
84077,ge healthcare,GEHC,GE
65229,ge healthcare,GEHC,GE
81224,ge healthcare,GEHC,GE
81224,ge healthcare,GEHC,GE
65379,ge healthcare,GEHC,GE
65372,ge healthcare,GEHC,GE
65022,ge healthcare,GEHC,GE
89376,ge healthcare,GEHC,GE
65759,ge healthcare,GEHC,GE
65755,ge healthcare,GEHC,GE
89376,ge healthcare,GEHC,GE
83811,ge healthcare,GEHC,GE
81224,ge healthcare,GEHC,GE
64992,ge healthcare,GEHC,GE
65133,ge healthcare,GEHC,GE
89576,ge healthcare,GEHC,GE
82514,ge healthcare,GEHC,GE
69570,ge healthcare,GEHC,GE
63654,ge healthcare,GEHC,GE
88147,ge healthcare,GEHC,GE
88147,ge healthcare,GEHC,GE
68378,ge healthcare,GEHC,GE
64242,ge healthcare,GEHC,GE
88147,ge healthcare,GEHC,GE
88147,ge healthcare,GEHC,GE
77377,ge healthcare,GEHC,GE
75851,ge healthcare,GEHC,GE
89102,ge healthcare,GEHC,GE
84077,ge healthcare,GEHC,GE
65164,ge healthcare,GEHC,GE
79464,ge healthcare,GEHC,GE
79464,ge healthcare,GEHC,GE
82514,ge healthcare,GEHC,GE
83096,ge healthcare,GEHC,GE
63212,ge healthcare,GEHC,GE
83096,ge healthcare,GEHC,GE
88208,ge healthcare,GEHC,GE
66459,ge healthcare,GEHC,GE
87811,ge healthcare,GEHC,GE
82582,ge healthcare,GEHC,GE
82582,ge healthcare,GEHC,GE
82582,ge healthcare,GEHC,GE
82582,ge healthcare,GEHC,GE
82582,ge healthcare,GEHC,GE
67430,ge healthcare,GEHC,GE
81736,ge healthcare,GEHC,GE
80484,ge healthcare,GEHC,GE
82582,ge healthcare,GEHC,GE
82582,ge healthcare,GEHC,GE
80484,ge healthcare,GEHC,GE
80484,ge healthcare,GEHC,GE
80484,ge healthcare,GEHC,GE
87811,ge healthcare,GEHC,GE
61593,ge healthcare,GEHC,GE
88150,ge healthcare,GEHC,GE
67401,ge healthcare,GEHC,GE
67464,ge healthcare,GEHC,GE
90422,ge healthcare,GEHC,GE
90587,ge healthcare,GEHC,GE
90525,ge healthcare,GEHC,GE
67257,ge healthcare,GEHC,GE
63123,ge healthcare,GEHC,GE
87844,ge healthcare,GEHC,GE
61611,ge healthcare,GEHC,GE
67157,ge healthcare,GEHC,GE
80484,ge healthcare,GEHC,GE
67464,ge healthcare,GEHC,GE
82982,ge healthcare,GEHC,GE
67464,ge healthcare,GEHC,GE
90454,ge healthcare,GEHC,GE
68528,ge healthcare,GEHC,GE
68528,ge healthcare,GEHC,GE
67004,ge healthcare,GEHC,GE
67004,ge healthcare,GEHC,GE
67004,ge healthcare,GEHC,GE
82982,ge healthcare,GEHC,GE
80484,ge healthcare,GEHC,GE
80484,ge healthcare,GEHC,GE
82982,ge healthcare,GEHC,GE
80484,ge healthcare,GEHC,GE
82938,ge healthcare,GEHC,GE
85466,ge healthcare,GEHC,GE
87652,ge healthcare,GEHC,GE
85466,ge healthcare,GEHC,GE
85466,ge healthcare,GEHC,GE
82582,ge healthcare,GEHC,GE
85466,ge healthcare,GEHC,GE
81922,ge healthcare,GEHC,GE
66119,ge healthcare,GEHC,GE
80484,ge healthcare,GEHC,GE
80484,ge healthcare,GEHC,GE
88116,ge healthcare,GEHC,GE
77377,ge healthcare,GEHC,GE
61591,ge healthcare,GEHC,GE
62123,ge healthcare,GEHC,GE
62527,ge healthcare,GEHC,GE
67370,ge healthcare,GEHC,GE
88147,ge healthcare,GEHC,GE
90242,ge healthcare,GEHC,GE
88147,ge healthcare,GEHC,GE
88147,ge healthcare,GEHC,GE
88147,ge healthcare,GEHC,GE
88147,ge healthcare,GEHC,GE
63655,ge healthcare,GEHC,GE
88147,ge healthcare,GEHC,GE
66341,ge healthcare beijing hangwei medical systems co,GEHC,GE
81454,ge healthcare biosciences,GEHC,GE
81075,ge healthcare finland,GEHC,GE
80262,ge healthcare finland,GEHC,GE
81075,ge healthcare finland,GEHC,GE
64796,ge healthcare it,GEHC,GE
64785,ge healthcare it,GEHC,GE
64789,ge healthcare it,GEHC,GE
64740,ge healthcare it,GEHC,GE
64807,ge healthcare it,GEHC,GE
64805,ge healthcare it,GEHC,GE
65471,ge healthcare it,GEHC,GE
64806,ge healthcare it,GEHC,GE
64787,ge healthcare it,GEHC,GE
64724,ge healthcare it,GEHC,GE
64762,ge healthcare it,GEHC,GE
64730,ge healthcare it,GEHC,GE
64760,ge healthcare it,GEHC,GE
64758,ge healthcare it,GEHC,GE
64761,ge healthcare it,GEHC,GE
65366,ge healthcare it,GEHC,GE
80563,ge healthcare japan,GEHC,GE
80563,ge healthcare japan,GEHC,GE
80563,ge healthcare japan,GEHC,GE
80563,ge healthcare japan,GEHC,GE
81691,ge healthcare life sciences,GEHC,GE
72943,ge medical systems,GEHC,GE
91176,ge medical systems,GEHC,GE
91176,ge medical systems,GEHC,GE
91176,ge medical systems,GEHC,GE
72943,ge medical systems,GEHC,GE
72740,ge medical systems,GEHC,GE
91176,ge medical systems,GEHC,GE
72943,ge medical systems,GEHC,GE
91176,ge medical systems,GEHC,GE
72943,ge medical systems,GEHC,GE
73248,ge medical systems,GEHC,GE
80287,ge medical systems,GEHC,GE
77488,ge medical systems,GEHC,GE
72740,ge medical systems,GEHC,GE
72943,ge medical systems,GEHC,GE
77488,ge medical systems,GEHC,GE
80177,ge medical systems,GEHC,GE
81348,ge medical systems,GEHC,GE
80323,ge medical systems,GEHC,GE
91159,ge medical systems,GEHC,GE
72892,ge medical systems,GEHC,GE
72974,ge medical systems,GEHC,GE
73383,ge medical systems,GEHC,GE
77488,ge medical systems,GEHC,GE
91139,ge medical systems,GEHC,GE
80323,ge medical systems,GEHC,GE
80323,ge medical systems,GEHC,GE
72974,ge medical systems,GEHC,GE
80177,ge medical systems,GEHC,GE
72966,ge medical systems,GEHC,GE
72974,ge medical systems,GEHC,GE
77488,ge medical systems,GEHC,GE
77488,ge medical systems,GEHC,GE
77488,ge medical systems,GEHC,GE
73974,ge medical systems,GEHC,GE
77488,ge medical systems,GEHC,GE
72617,ge medical systems,GEHC,GE
72892,ge medical systems,GEHC,GE
80177,ge medical systems,GEHC,GE
91159,ge medical systems,GEHC,GE
73383,ge medical systems,GEHC,GE
91139,ge medical systems,GEHC,GE
73968,ge medical systems,GEHC,GE
72448,ge medical systems,GEHC,GE
91139,ge medical systems,GEHC,GE
91139,ge medical systems,GEHC,GE
91139,ge medical systems,GEHC,GE
72943,ge medical systems,GEHC,GE
73248,ge medical systems,GEHC,GE
91139,ge medical systems,GEHC,GE
91139,ge medical systems,GEHC,GE
80264,ge medical systems,GEHC,GE
73248,ge medical systems,GEHC,GE
73248,ge medical systems,GEHC,GE
73555,ge medical systems,GEHC,GE
73968,ge medical systems,GEHC,GE
73248,ge medical systems,GEHC,GE
73248,ge medical systems,GEHC,GE
77488,ge medical systems,GEHC,GE
91139,ge medical systems,GEHC,GE
73617,ge medical systems,GEHC,GE
77488,ge medical systems,GEHC,GE
80693,ge medical systems china co,GEHC,GE
80693,ge medical systems china co,GEHC,GE
80693,ge medical systems china co,GEHC,GE
78469,ge medical systems china co,GEHC,GE
78469,ge medical systems china co,GEHC,GE
78918,ge medical systems information technologies,GEHC,GE
77818,ge medical systems information technologies,GEHC,GE
80458,ge medical systems ultrasound primary care diagnostics,GEHC,GE
80173,ge medical systems ultrasound primary care diagnostics,GEHC,GE
80928,ge medical systems ultrasound primary care diagnostics ll,GEHC,GE
80928,ge medical systems ultrasound primary care diagnostics ll,GEHC,GE
80165,ge medical systems ultrasound primary care diagnostics ll,GEHC,GE
80928,ge medical systems ultrasound primary care diagnostics ll,GEHC,GE
80928,ge medical systems ultrasound primary care diagnostics ll,GEHC,GE
79710,ge medical systems ultrasound primary care diagnostics ll,GEHC,GE
79710,ge medical systems ultrasound primary care diagnostics ll,GEHC,GE
80928,ge medical systems ultrasound primary care diagnostics ll,GEHC,GE
80928,ge medical systems ultrasound primary care diagnostics ll,GEHC,GE
80928,ge medical systems ultrasound primary care diagnostics ll,GEHC,GE
80928,ge medical systems ultrasound primary care diagnostics ll,GEHC,GE
79710,ge medical systems ultrasound primary care diagnostics ll,GEHC,GE
64083,hospira,PFE,HSP
71681,hospira,PFE,HSP
70643,hospira,PFE,HSP
70179,hospira,PFE,HSP
67045,hospira,PFE,HSP
69327,hospira,PFE,HSP
69971,hospira,PFE,HSP
70642,hospira,PFE,HSP
70925,hospira,PFE,HSP
71681,hospira,PFE,HSP
67354,hospira,PFE,HSP
71377,hospira,PFE,HSP
70818,hospira,PFE,HSP
70700,hospira,PFE,HSP
71002,hospira,PFE,HSP
70515,hospira,PFE,HSP
70174,hospira,PFE,HSP
70515,hospira,PFE,HSP
71002,hospira,PFE,HSP
62999,hospira,PFE,HSP
61526,life technologies,TMO,LIFE
62468,life technologies,TMO,LIFE
65770,life technologies,TMO,LIFE
90548,neotract,NTCT,TFX
81576,neotract,NTCT,TFX
63481,vital signs devices a ge healthcare,GEHC,GE
62441,vital signs devices a ge healthcare,GEHC,GE
65857,vital signs devices a ge healthcare,GEHC,GE
68656,zimmer,ZBH,ZMH
68656,zimmer,ZBH,ZMH
68656,zimmer,ZBH,ZMH
65513,zimmer,ZBH,ZMH
68656,zimmer,ZBH,ZMH
66500,zimmer,ZBH,ZMH
66500,zimmer,ZBH,ZMH
68656,zimmer,ZBH,ZMH
65513,zimmer,ZBH,ZMH
68656,zimmer,ZBH,ZMH
62110,zimmer,ZBH,ZMH
66717,zimmer,ZBH,ZMH
65513,zimmer,ZBH,ZMH
65513,zimmer,ZBH,ZMH
65677,zimmer,ZBH,ZMH
65850,zimmer,ZBH,ZMH
68656,zimmer,ZBH,ZMH
68656,zimmer,ZBH,ZMH
66500,zimmer,ZBH,ZMH
66717,zimmer,ZBH,ZMH
62540,zimmer,ZBH,ZMH
62540,zimmer,ZBH,ZMH
68819,zimmer,ZBH,ZMH
68656,zimmer,ZBH,ZMH
62110,zimmer,ZBH,ZMH
65513,zimmer,ZBH,ZMH
71009,zimmer,ZBH,ZMH
65413,zimmer,ZBH,ZMH
66500,zimmer,ZBH,ZMH
65413,zimmer,ZBH,ZMH
68819,zimmer,ZBH,ZMH
67503,zimmer,ZBH,ZMH
65413,zimmer,ZBH,ZMH
64424,zimmer,ZBH,ZMH
65413,zimmer,ZBH,ZMH
65413,zimmer,ZBH,ZMH
65413,zimmer,ZBH,ZMH
66809,zimmer,ZBH,ZMH
68457,zimmer,ZBH,ZMH
69039,zimmer,ZBH,ZMH
68457,zimmer,ZBH,ZMH
65413,zimmer,ZBH,ZMH
68457,zimmer,ZBH,ZMH
65413,zimmer,ZBH,ZMH
65413,zimmer,ZBH,ZMH
65413,zimmer,ZBH,ZMH
65413,zimmer,ZBH,ZMH
65413,zimmer,ZBH,ZMH
65413,zimmer,ZBH,ZMH
68457,zimmer,ZBH,ZMH
65413,zimmer,ZBH,ZMH
66499,zimmer,ZBH,ZMH
66809,zimmer,ZBH,ZMH
66500,zimmer,ZBH,ZMH
69301,zimmer,ZBH,ZMH
69366,zimmer,ZBH,ZMH
68656,zimmer,ZBH,ZMH
62110,zimmer,ZBH,ZMH
66500,zimmer,ZBH,ZMH
62110,zimmer,ZBH,ZMH
66500,zimmer,ZBH,ZMH
66500,zimmer,ZBH,ZMH
66500,zimmer,ZBH,ZMH
66500,zimmer,ZBH,ZMH
66500,zimmer,ZBH,ZMH
63531,zimmer,ZBH,ZMH
66500,zimmer,ZBH,ZMH
68457,zimmer,ZBH,ZMH
68457,zimmer,ZBH,ZMH
66500,zimmer,ZBH,ZMH
66500,zimmer,ZBH,ZMH
66500,zimmer,ZBH,ZMH
63531,zimmer,ZBH,ZMH
66500,zimmer,ZBH,ZMH
70500,zimmer,ZBH,ZMH
68818,zimmer,ZBH,ZMH
68653,zimmer,ZBH,ZMH
66500,zimmer,ZBH,ZMH
66500,zimmer,ZBH,ZMH
66500,zimmer,ZBH,ZMH
66500,zimmer,ZBH,ZMH
66500,zimmer,ZBH,ZMH
67503,zimmer,ZBH,ZMH
67503,zimmer,ZBH,ZMH
65502,zimmer,ZBH,ZMH
66430,zimmer,ZBH,ZMH
63531,zimmer,ZBH,ZMH
66500,zimmer,ZBH,ZMH
63531,zimmer,ZBH,ZMH
62110,zimmer,ZBH,ZMH
62110,zimmer,ZBH,ZMH
62110,zimmer,ZBH,ZMH
62110,zimmer,ZBH,ZMH
62110,zimmer,ZBH,ZMH
66809,zimmer,ZBH,ZMH
62110,zimmer,ZBH,ZMH
65413,zimmer,ZBH,ZMH
69366,zimmer,ZBH,ZMH
66500,zimmer,ZBH,ZMH
66500,zimmer,ZBH,ZMH
70105,zimmer,ZBH,ZMH
70240,zimmer,ZBH,ZMH
66717,zimmer,ZBH,ZMH
65502,zimmer,ZBH,ZMH
69906,zimmer,ZBH,ZMH
62540,zimmer,ZBH,ZMH
62540,zimmer,ZBH,ZMH
62110,zimmer,ZBH,ZMH
63125,zimmer,ZBH,ZMH
65301,zimmer,ZBH,ZMH
68457,zimmer,ZBH,ZMH
63531,zimmer,ZBH,ZMH
63531,zimmer,ZBH,ZMH
63531,zimmer,ZBH,ZMH
63531,zimmer,ZBH,ZMH
62110,zimmer,ZBH,ZMH
65413,zimmer,ZBH,ZMH
63458,zimmer,ZBH,ZMH
68801,zimmer,ZBH,ZMH
70993,zimmer,ZBH,ZMH
70401,zimmer,ZBH,ZMH
70401,zimmer,ZBH,ZMH
61764,zimmer,ZBH,ZMH
61764,zimmer,ZBH,ZMH
66500,zimmer,ZBH,ZMH
68819,zimmer,ZBH,ZMH
66499,zimmer,ZBH,ZMH
66499,zimmer,ZBH,ZMH
66499,zimmer,ZBH,ZMH
68819,zimmer,ZBH,ZMH
68819,zimmer,ZBH,ZMH
68819,zimmer,ZBH,ZMH
65413,zimmer,ZBH,ZMH
68819,zimmer,ZBH,ZMH
66809,zimmer,ZBH,ZMH
66499,zimmer,ZBH,ZMH
66499,zimmer,ZBH,ZMH
66499,zimmer,ZBH,ZMH
65413,zimmer,ZBH,ZMH
66499,zimmer,ZBH,ZMH
66809,zimmer,ZBH,ZMH
68819,zimmer,ZBH,ZMH
70401,zimmer,ZBH,ZMH
70401,zimmer,ZBH,ZMH
70401,zimmer,ZBH,ZMH
65413,zimmer,ZBH,ZMH
67503,zimmer,ZBH,ZMH
63066,zimmer,ZBH,ZMH
69904,zimmer,ZBH,ZMH
63641,zimmer,ZBH,ZMH
63641,zimmer,ZBH,ZMH
62325,zimmer,ZBH,ZMH
65799,zimmer,ZBH,ZMH
65799,zimmer,ZBH,ZMH
65799,zimmer,ZBH,ZMH
63690,zimmer,ZBH,ZMH
63690,zimmer,ZBH,ZMH
63690,zimmer,ZBH,ZMH
63690,zimmer,ZBH,ZMH
63690,zimmer,ZBH,ZMH
63690,zimmer,ZBH,ZMH
63690,zimmer,ZBH,ZMH
63690,zimmer,ZBH,ZMH
65799,zimmer,ZBH,ZMH
65799,zimmer,ZBH,ZMH
68817,zimmer,ZBH,ZMH
65799,zimmer,ZBH,ZMH
63690,zimmer,ZBH,ZMH
65799,zimmer,ZBH,ZMH
68817,zimmer,ZBH,ZMH
65799,zimmer,ZBH,ZMH
65799,zimmer,ZBH,ZMH
63690,zimmer,ZBH,ZMH
65799,zimmer,ZBH,ZMH
68584,zimmer,ZBH,ZMH
62325,zimmer,ZBH,ZMH
63103,zimmer,ZBH,ZMH
63103,zimmer,ZBH,ZMH
63103,zimmer,ZBH,ZMH
63103,zimmer,ZBH,ZMH
63103,zimmer,ZBH,ZMH
63103,zimmer,ZBH,ZMH
69354,zimmer,ZBH,ZMH
63103,zimmer,ZBH,ZMH
63103,zimmer,ZBH,ZMH
63103,zimmer,ZBH,ZMH
63103,zimmer,ZBH,ZMH
68878,zimmer,ZBH,ZMH
63690,zimmer,ZBH,ZMH
66196,zimmer,ZBH,ZMH
63690,zimmer,ZBH,ZMH
63690,zimmer,ZBH,ZMH
65799,zimmer,ZBH,ZMH
65799,zimmer,ZBH,ZMH
68817,zimmer,ZBH,ZMH
68817,zimmer,ZBH,ZMH
63690,zimmer,ZBH,ZMH
63690,zimmer,ZBH,ZMH
68817,zimmer,ZBH,ZMH
68817,zimmer,ZBH,ZMH
65799,zimmer,ZBH,ZMH
63103,zimmer,ZBH,ZMH
63103,zimmer,ZBH,ZMH
68657,zimmer,ZBH,ZMH
70523,zimmer,ZBH,ZMH
63103,zimmer,ZBH,ZMH
68862,zimmer,ZBH,ZMH
71272,zimmer,ZBH,ZMH
63103,zimmer,ZBH,ZMH
63103,zimmer,ZBH,ZMH
63103,zimmer,ZBH,ZMH
63103,zimmer,ZBH,ZMH
63103,zimmer,ZBH,ZMH
63103,zimmer,ZBH,ZMH
66714,zimmer,ZBH,ZMH
63103,zimmer,ZBH,ZMH
63103,zimmer,ZBH,ZMH
67067,zimmer,ZBH,ZMH
62499,zimmer,ZBH,ZMH
66439,zimmer,ZBH,ZMH
65042,zimmer,ZBH,ZMH
63103,zimmer,ZBH,ZMH
63103,zimmer,ZBH,ZMH
68878,zimmer,ZBH,ZMH
63103,zimmer,ZBH,ZMH
63103,zimmer,ZBH,ZMH
61952,zimmer,ZBH,ZMH
68878,zimmer,ZBH,ZMH
68656,zimmer,ZBH,ZMH
66500,zimmer,ZBH,ZMH
68656,zimmer,ZBH,ZMH
63103,zimmer,ZBH,ZMH
66500,zimmer,ZBH,ZMH
68656,zimmer,ZBH,ZMH
63103,zimmer,ZBH,ZMH
68878,zimmer,ZBH,ZMH
63103,zimmer,ZBH,ZMH
63103,zimmer,ZBH,ZMH
69613,zimmer,ZBH,ZMH
68017,zimmer,ZBH,ZMH
63103,zimmer,ZBH,ZMH
68017,zimmer,ZBH,ZMH
68017,zimmer,ZBH,ZMH
68017,zimmer,ZBH,ZMH
63103,zimmer,ZBH,ZMH
63124,zimmer,ZBH,ZMH
63124,zimmer,ZBH,ZMH
68878,zimmer,ZBH,ZMH
63124,zimmer,ZBH,ZMH
66500,zimmer,ZBH,ZMH
63103,zimmer,ZBH,ZMH
68656,zimmer,ZBH,ZMH
69397,zimmer,ZBH,ZMH
71243,zimmer,ZBH,ZMH
67795,zimmer,ZBH,ZMH
68656,zimmer,ZBH,ZMH
68656,zimmer,ZBH,ZMH
66500,zimmer,ZBH,ZMH
63103,zimmer,ZBH,ZMH
63103,zimmer,ZBH,ZMH
63559,zimmer,ZBH,ZMH
63103,zimmer,ZBH,ZMH
68818,zimmer,ZBH,ZMH
65413,zimmer,ZBH,ZMH
66968,zimmer,ZBH,ZMH
65413,zimmer,ZBH,ZMH
65413,zimmer,ZBH,ZMH
65413,zimmer,ZBH,ZMH
63066,zimmer,ZBH,ZMH
65413,zimmer,ZBH,ZMH
65413,zimmer,ZBH,ZMH
65413,zimmer,ZBH,ZMH
65413,zimmer,ZBH,ZMH
65413,zimmer,ZBH,ZMH
65413,zimmer,ZBH,ZMH
63066,zimmer,ZBH,ZMH
71250,zimmer,ZBH,ZMH
65301,zimmer,ZBH,ZMH
65413,zimmer,ZBH,ZMH
65413,zimmer,ZBH,ZMH
65413,zimmer,ZBH,ZMH
63066,zimmer,ZBH,ZMH
65413,zimmer,ZBH,ZMH
65413,zimmer,ZBH,ZMH
66968,zimmer,ZBH,ZMH
66968,zimmer,ZBH,ZMH
68457,zimmer,ZBH,ZMH
63066,zimmer,ZBH,ZMH
63066,zimmer,ZBH,ZMH
65413,zimmer,ZBH,ZMH
65413,zimmer,ZBH,ZMH
67503,zimmer,ZBH,ZMH
66500,zimmer,ZBH,ZMH
68878,zimmer,ZBH,ZMH
67503,zimmer,ZBH,ZMH
67503,zimmer,ZBH,ZMH
63544,zimmer,ZBH,ZMH
63541,zimmer,ZBH,ZMH
68390,zimmer,ZBH,ZMH
66500,zimmer,ZBH,ZMH
68390,zimmer,ZBH,ZMH
68390,zimmer,ZBH,ZMH
66500,zimmer,ZBH,ZMH
67503,zimmer,ZBH,ZMH
68818,zimmer,ZBH,ZMH
65833,zimmer,ZBH,ZMH
65290,zimmer,ZBH,ZMH
63122,zimmer,ZBH,ZMH
66500,zimmer,ZBH,ZMH
68934,zimmer,ZBH,ZMH
66500,zimmer,ZBH,ZMH
66500,zimmer,ZBH,ZMH
66500,zimmer,ZBH,ZMH
68457,zimmer,ZBH,ZMH
65413,zimmer,ZBH,ZMH
63126,zimmer,ZBH,ZMH
63066,zimmer,ZBH,ZMH
67503,zimmer,ZBH,ZMH
68655,zimmer,ZBH,ZMH
68655,zimmer,ZBH,ZMH
66199,zimmer,ZBH,ZMH
68655,zimmer,ZBH,ZMH
66846,zimmer,ZBH,ZMH
66846,zimmer,ZBH,ZMH
66500,zimmer,ZBH,ZMH
66500,zimmer,ZBH,ZMH
66500,zimmer,ZBH,ZMH
66990,zimmer,ZBH,ZMH
62137,zimmer,ZBH,ZMH
63683,zimmer,ZBH,ZMH
70676,zimmer,ZBH,ZMH
68654,zimmer,ZBH,ZMH
63690,zimmer,ZBH,ZMH
63690,zimmer,ZBH,ZMH
68339,zimmer,ZBH,ZMH
63103,zimmer,ZBH,ZMH
68655,zimmer,ZBH,ZMH
63103,zimmer,ZBH,ZMH
63103,zimmer,ZBH,ZMH
65413,zimmer,ZBH,ZMH
63103,zimmer,ZBH,ZMH
63103,zimmer,ZBH,ZMH
67503,zimmer,ZBH,ZMH
68818,zimmer,ZBH,ZMH
64569,zimmer,ZBH,ZMH
65413,zimmer,ZBH,ZMH
66500,zimmer,ZBH,ZMH
68653,zimmer,ZBH,ZMH
65413,zimmer,ZBH,ZMH
67503,zimmer,ZBH,ZMH
66500,zimmer,ZBH,ZMH
66500,zimmer,ZBH,ZMH
66500,zimmer,ZBH,ZMH
67503,zimmer,ZBH,ZMH
67503,zimmer,ZBH,ZMH
63066,zimmer,ZBH,ZMH
63066,zimmer,ZBH,ZMH
63066,zimmer,ZBH,ZMH
67503,zimmer,ZBH,ZMH
66500,zimmer,ZBH,ZMH
67503,zimmer,ZBH,ZMH
63066,zimmer,ZBH,ZMH
63066,zimmer,ZBH,ZMH
65413,zimmer,ZBH,ZMH
68818,zimmer,ZBH,ZMH
65413,zimmer,ZBH,ZMH
65413,zimmer,ZBH,ZMH
65413,zimmer,ZBH,ZMH
65413,zimmer,ZBH,ZMH
68818,zimmer,ZBH,ZMH
68818,zimmer,ZBH,ZMH
65413,zimmer,ZBH,ZMH
65413,zimmer,ZBH,ZMH
66836,zimmer biomet spine,ZBH,
70376,zimmer biomet spine,ZBH,
70070,zimmer biomet spine,ZBH,
70056,zimmer biomet spine,ZBH,
69615,zimmer biomet spine,ZBH,
70832,zimmer biomet spine,ZBH,
70383,zimmer biomet spine,ZBH,
70060,zimmer biomet spine,ZBH,
70381,zimmer biomet spine,ZBH,
70832,zimmer biomet spine,ZBH,
71202,zimmer cas,ZBH,ZMH
69630,zimmer cas,ZBH,ZMH
70304,zimmer dental,ZBH,ZMH
69392,zimmer dental,ZBH,ZMH
69392,zimmer dental,ZBH,ZMH
67207,zimmer dental,ZBH,ZMH
69851,zimmer manufacturing,ZBH,ZMH
69814,zimmer manufacturing,ZBH,ZMH
68547,zimmer manufacturing,ZBH,ZMH
65258,zimmer surgical,ZBH,ZMH
65258,zimmer surgical,ZBH,ZMH
65258,zimmer surgical,ZBH,ZMH
69424,zimmer surgical,ZBH,ZMH
69866,zimmer trabecular metal technology,ZBH,ZMH
70605,zimmer trabecular metal technology,ZBH,ZMH
77316,zmedica,ICUI,
79407,zmedica,ICUI,
88818,zmedica,ICUI,TFX